public_intersection,year,all_eligible_crashes,cyclist_involved_crashes,pedestrian_involved_crashes
ALBANY ST & MASSACHUSETTS AVE,2023,4,2,2
ALBANY ST & MASSACHUSETTS AVE,2024,4,3,1
ALBANY ST & MASSACHUSETTS AVE,2025,1,1,0
MASSACHUSETTS AVE & WINDSOR ST,2023,2,1,1
MASSACHUSETTS AVE & WINDSOR ST,2024,3,2,1
MASSACHUSETTS AVE & WINDSOR ST,2025,3,3,0
CAMBRIDGE ST & PROSPECT ST,2023,4,1,3
CAMBRIDGE ST & PROSPECT ST,2024,2,1,1
CAMBRIDGE ST & PROSPECT ST,2025,1,0,1
BRATTLE ST & CRAIGIE ST,2023,1,1,0
BRATTLE ST & CRAIGIE ST,2024,2,1,1
BRATTLE ST & CRAIGIE ST,2025,3,3,0
COLUMBIA ST & HAMPSHIRE ST,2023,5,3,2
COLUMBIA ST & HAMPSHIRE ST,2024,1,1,0
COLUMBIA ST & HAMPSHIRE ST,2025,0,0,0
MASSACHUSETTS AVE & VASSAR ST,2023,4,2,2
MASSACHUSETTS AVE & VASSAR ST,2024,0,0,0
MASSACHUSETTS AVE & VASSAR ST,2025,2,2,0
DANA ST & MASSACHUSETTS AVE,2023,1,0,1
DANA ST & MASSACHUSETTS AVE,2024,1,0,1
DANA ST & MASSACHUSETTS AVE,2025,2,0,2
MAIN ST & VASSAR ST,2023,0,0,0
MAIN ST & VASSAR ST,2024,3,3,0
MAIN ST & VASSAR ST,2025,1,1,0
BISHOP ALLEN DR & COLUMBIA ST,2023,1,0,1
BISHOP ALLEN DR & COLUMBIA ST,2024,1,1,0
BISHOP ALLEN DR & COLUMBIA ST,2025,2,2,0
HANCOCK ST & MASSACHUSETTS AVE,2023,3,1,2
HANCOCK ST & MASSACHUSETTS AVE,2024,1,1,0
HANCOCK ST & MASSACHUSETTS AVE,2025,0,0,0
BROADWAY & MAIN ST,2023,2,1,1
BROADWAY & MAIN ST,2024,0,0,0
BROADWAY & MAIN ST,2025,2,0,2
MASSACHUSETTS AVE & PEARL ST,2023,1,1,0
MASSACHUSETTS AVE & PEARL ST,2024,2,2,0
MASSACHUSETTS AVE & PEARL ST,2025,1,0,1
BROADWAY & PROSPECT ST,2023,1,0,1
BROADWAY & PROSPECT ST,2024,2,1,1
BROADWAY & PROSPECT ST,2025,0,0,0
CAMBRIDGE ST & WINDSOR,2023,1,1,0
CAMBRIDGE ST & WINDSOR,2024,0,0,0
CAMBRIDGE ST & WINDSOR,2025,2,0,2
DAVENPORT ST & MASSACHUSETTS AVE,2023,0,0,0
DAVENPORT ST & MASSACHUSETTS AVE,2024,1,0,1
DAVENPORT ST & MASSACHUSETTS AVE,2025,2,1,1
DEWOLFE ST & MOUNT AUBURN ST,2023,0,0,0
DEWOLFE ST & MOUNT AUBURN ST,2024,1,1,0
DEWOLFE ST & MOUNT AUBURN ST,2025,2,2,0
DUNSTER ST & MOUNT AUBURN ST,2023,1,0,1
DUNSTER ST & MOUNT AUBURN ST,2024,1,0,1
DUNSTER ST & MOUNT AUBURN ST,2025,1,0,1
HAMPSHIRE ST & PORTLAND ST,2023,0,0,0
HAMPSHIRE ST & PORTLAND ST,2024,1,1,0
HAMPSHIRE ST & PORTLAND ST,2025,2,2,0
MASSACHUSETTS AVE & RINDGE AVE,2023,3,2,1
MASSACHUSETTS AVE & RINDGE AVE,2024,0,0,0
MASSACHUSETTS AVE & RINDGE AVE,2025,0,0,0
MASSACHUSETTS AVE & WALDEN ST,2023,1,1,0
MASSACHUSETTS AVE & WALDEN ST,2024,2,2,0
MASSACHUSETTS AVE & WALDEN ST,2025,0,0,0
CAMBRIDGE ST & QUINCY ST,2023,0,0,0
CAMBRIDGE ST & QUINCY ST,2024,2,2,0
CAMBRIDGE ST & QUINCY ST,2025,1,1,0
CHURCH ST & MASSACHUSETTS AVE,2023,3,3,0
CHURCH ST & MASSACHUSETTS AVE,2024,0,0,0
CHURCH ST & MASSACHUSETTS AVE,2025,0,0,0
MASSACHUSETTS AVE & NORFOLK ST,2023,1,0,1
MASSACHUSETTS AVE & NORFOLK ST,2024,2,0,2
MASSACHUSETTS AVE & NORFOLK ST,2025,0,0,0
MASSACHUSETTS AVE & RICE ST,2023,2,2,0
MASSACHUSETTS AVE & RICE ST,2024,1,1,0
MASSACHUSETTS AVE & RICE ST,2025,0,0,0
MASSACHUSETTS AVE & SIDNEY ST,2023,3,3,0
MASSACHUSETTS AVE & SIDNEY ST,2024,0,0,0
MASSACHUSETTS AVE & SIDNEY ST,2025,0,0,0
BAY ST & MASSACHUSETTS AVE,2023,2,2,0
BAY ST & MASSACHUSETTS AVE,2024,0,0,0
BAY ST & MASSACHUSETTS AVE,2025,1,1,0
CAMBRIDGE ST & WINDSOR ST,2023,0,0,0
CAMBRIDGE ST & WINDSOR ST,2024,1,1,0
CAMBRIDGE ST & WINDSOR ST,2025,2,1,1
CARDINAL MEDEIROS AVE & HAMPSHIRE ST,2023,0,0,0
CARDINAL MEDEIROS AVE & HAMPSHIRE ST,2024,3,3,0
CARDINAL MEDEIROS AVE & HAMPSHIRE ST,2025,0,0,0
CONCORD AVE & SPINELLI PL,2023,1,1,0
CONCORD AVE & SPINELLI PL,2024,1,0,1
CONCORD AVE & SPINELLI PL,2025,1,1,0
GREEN ST & PUTNAM AVE,2023,2,1,1
GREEN ST & PUTNAM AVE,2024,0,0,0
GREEN ST & PUTNAM AVE,2025,1,0,1
MASSACHUSETTS AVE & SOMERVILLE AVE,2023,0,0,0
MASSACHUSETTS AVE & SOMERVILLE AVE,2024,3,3,0
MASSACHUSETTS AVE & SOMERVILLE AVE,2025,0,0,0
APPIAN WAY & GARDEN ST,2023,0,0,0
APPIAN WAY & GARDEN ST,2024,1,0,1
APPIAN WAY & GARDEN ST,2025,1,0,1
BINNEY ST & FIRST ST,2023,0,0,0
BINNEY ST & FIRST ST,2024,2,0,2
BINNEY ST & FIRST ST,2025,0,0,0
BISHOP ALLEN DR & NORFOLK ST,2023,1,0,1
BISHOP ALLEN DR & NORFOLK ST,2024,1,0,1
BISHOP ALLEN DR & NORFOLK ST,2025,0,0,0
BOND ST & GARDEN ST,2023,1,1,0
BOND ST & GARDEN ST,2024,0,0,0
BOND ST & GARDEN ST,2025,1,1,0
BRATTLE ST & LAKEVIEW AVE,2023,1,1,0
BRATTLE ST & LAKEVIEW AVE,2024,0,0,0
BRATTLE ST & LAKEVIEW AVE,2025,1,1,0
BROADWAY & DANA ST,2023,0,0,0
BROADWAY & DANA ST,2024,2,1,1
BROADWAY & DANA ST,2025,0,0,0
BROADWAY & FELTON,2023,0,0,0
BROADWAY & FELTON,2024,0,0,0
BROADWAY & FELTON,2025,2,0,2
BROADWAY & GALILEO GALILEI WAY,2023,0,0,0
BROADWAY & GALILEO GALILEI WAY,2024,1,0,1
BROADWAY & GALILEO GALILEI WAY,2025,1,0,1
BROADWAY & HAMPSHIRE ST,2023,2,2,0
BROADWAY & HAMPSHIRE ST,2024,0,0,0
BROADWAY & HAMPSHIRE ST,2025,0,0,0
BROADWAY & HIGHLAND AVE,2023,0,0,0
BROADWAY & HIGHLAND AVE,2024,0,0,0
BROADWAY & HIGHLAND AVE,2025,2,1,1
BROADWAY & WARE ST,2023,1,1,0
BROADWAY & WARE ST,2024,0,0,0
BROADWAY & WARE ST,2025,1,0,1
BROOKLINE ST & FRANKLIN ST,2023,0,0,0
BROOKLINE ST & FRANKLIN ST,2024,1,1,0
BROOKLINE ST & FRANKLIN ST,2025,1,0,1
CAMBRIDGE ST & CAMELIA AVE,2023,0,0,0
CAMBRIDGE ST & CAMELIA AVE,2024,1,1,0
CAMBRIDGE ST & CAMELIA AVE,2025,1,1,0
CAMBRIDGE ST & CARDINAL MEDEIROS AVE,2023,0,0,0
CAMBRIDGE ST & CARDINAL MEDEIROS AVE,2024,1,1,0
CAMBRIDGE ST & CARDINAL MEDEIROS AVE,2025,1,1,0
CAMBRIDGE ST & FULKERSON ST,2023,0,0,0
CAMBRIDGE ST & FULKERSON ST,2024,2,2,0
CAMBRIDGE ST & FULKERSON ST,2025,0,0,0
CAMBRIDGE ST & HAMPSHIRE ST,2023,0,0,0
CAMBRIDGE ST & HAMPSHIRE ST,2024,1,0,1
CAMBRIDGE ST & HAMPSHIRE ST,2025,1,1,0
CAMBRIDGE ST & LINE ST,2023,1,0,1
CAMBRIDGE ST & LINE ST,2024,0,0,0
CAMBRIDGE ST & LINE ST,2025,1,1,0
CAMBRIDGE ST & SUMNER RD,2023,0,0,0
CAMBRIDGE ST & SUMNER RD,2024,0,0,0
CAMBRIDGE ST & SUMNER RD,2025,2,2,0
CAMBRIDGE ST & TREMONT ST,2023,0,0,0
CAMBRIDGE ST & TREMONT ST,2024,1,1,0
CAMBRIDGE ST & TREMONT ST,2025,1,0,1
CEDAR ST & MASSACHUSETTS AVE,2023,0,0,0
CEDAR ST & MASSACHUSETTS AVE,2024,1,1,0
CEDAR ST & MASSACHUSETTS AVE,2025,1,1,0
CHAUNCY ST & GARDEN ST,2023,1,1,0
CHAUNCY ST & GARDEN ST,2024,1,1,0
CHAUNCY ST & GARDEN ST,2025,0,0,0
CLINTON ST & MASSACHUSETTS AVE,2023,0,0,0
CLINTON ST & MASSACHUSETTS AVE,2024,0,0,0
CLINTON ST & MASSACHUSETTS AVE,2025,2,0,2
CONCORD AVE & FAWCETT ST,2023,1,1,0
CONCORD AVE & FAWCETT ST,2024,0,0,0
CONCORD AVE & FAWCETT ST,2025,1,1,0
ELLERY ST & MASSACHUSETTS AVE,2023,1,1,0
ELLERY ST & MASSACHUSETTS AVE,2024,1,0,1
ELLERY ST & MASSACHUSETTS AVE,2025,0,0,0
FRANKLIN ST & PLEASANT ST,2023,1,0,1
FRANKLIN ST & PLEASANT ST,2024,1,0,1
FRANKLIN ST & PLEASANT ST,2025,0,0,0
GARDEN ST & WALDEN ST,2023,0,0,0
GARDEN ST & WALDEN ST,2024,1,0,1
GARDEN ST & WALDEN ST,2025,1,1,0
GARFIELD ST & MASSACHUSETTS AVE,2023,0,0,0
GARFIELD ST & MASSACHUSETTS AVE,2024,1,0,1
GARFIELD ST & MASSACHUSETTS AVE,2025,1,0,1
HAMPSHIRE ST & PROSPECT ST,2023,2,1,1
HAMPSHIRE ST & PROSPECT ST,2024,0,0,0
HAMPSHIRE ST & PROSPECT ST,2025,0,0,0
HAMPSHIRE ST & WINDSOR ST,2023,2,2,0
HAMPSHIRE ST & WINDSOR ST,2024,0,0,0
HAMPSHIRE ST & WINDSOR ST,2025,0,0,0
MAIN ST & PORTLAND ST,2023,0,0,0
MAIN ST & PORTLAND ST,2024,1,1,0
MAIN ST & PORTLAND ST,2025,1,1,0
MASSACHUSETTS AVE & SELLERS ST,2023,0,0,0
MASSACHUSETTS AVE & SELLERS ST,2024,2,2,0
MASSACHUSETTS AVE & SELLERS ST,2025,0,0,0
MORGAN AVE & NORTH FIRST ST,2023,0,0,0
MORGAN AVE & NORTH FIRST ST,2024,1,1,0
MORGAN AVE & NORTH FIRST ST,2025,1,1,0
PUTNAM AVE & WESTERN AVE,2023,1,1,0
PUTNAM AVE & WESTERN AVE,2024,0,0,0
PUTNAM AVE & WESTERN AVE,2025,1,1,0
RAYMOND ST & WALDEN ST,2023,1,1,0
RAYMOND ST & WALDEN ST,2024,1,0,1
RAYMOND ST & WALDEN ST,2025,0,0,0
AMHERST ST & MASSACHUSETTS AVE,2023,0,0,0
AMHERST ST & MASSACHUSETTS AVE,2024,1,1,0
AMHERST ST & MASSACHUSETTS AVE,2025,1,1,0
BELMONT ST & CUSHING ST,2023,2,1,1
BELMONT ST & CUSHING ST,2024,0,0,0
BELMONT ST & CUSHING ST,2025,0,0,0
BROOKFORD ST & MASSACHUSETTS AVE,2023,1,1,0
BROOKFORD ST & MASSACHUSETTS AVE,2024,1,1,0
BROOKFORD ST & MASSACHUSETTS AVE,2025,0,0,0
CAMBRIDGE ST & WEBSTER AVE,2023,1,1,0
CAMBRIDGE ST & WEBSTER AVE,2024,0,0,0
CAMBRIDGE ST & WEBSTER AVE,2025,1,0,1
CEDAR ST & RINDGE AVE,2023,0,0,0
CEDAR ST & RINDGE AVE,2024,1,0,1
CEDAR ST & RINDGE AVE,2025,1,0,1
GARDEN ST & MASSACHUSETTS AVE,2023,2,2,0
GARDEN ST & MASSACHUSETTS AVE,2024,0,0,0
GARDEN ST & MASSACHUSETTS AVE,2025,0,0,0
HAMPSHIRE ST & TREMONT ST,2023,1,1,0
HAMPSHIRE ST & TREMONT ST,2024,0,0,0
HAMPSHIRE ST & TREMONT ST,2025,1,1,0
HAMPSHIRE ST & UNION ST,2023,0,0,0
HAMPSHIRE ST & UNION ST,2024,1,1,0
HAMPSHIRE ST & UNION ST,2025,1,1,0
HAMPSHIRE ST & WEBSTER AVE,2023,2,2,0
HAMPSHIRE ST & WEBSTER AVE,2024,0,0,0
HAMPSHIRE ST & WEBSTER AVE,2025,0,0,0
LANDSDOWNE ST & MASSACHUSETTS AVE,2023,1,1,0
LANDSDOWNE ST & MASSACHUSETTS AVE,2024,0,0,0
LANDSDOWNE ST & MASSACHUSETTS AVE,2025,1,1,0
MASSACHUSETTS AVE & MT VERNON ST,2023,0,0,0
MASSACHUSETTS AVE & MT VERNON ST,2024,1,1,0
MASSACHUSETTS AVE & MT VERNON ST,2025,1,1,0
MASSACHUSETTS AVE & TEMPLE ST,2023,0,0,0
MASSACHUSETTS AVE & TEMPLE ST,2024,1,1,0
MASSACHUSETTS AVE & TEMPLE ST,2025,1,1,0
BLAKE ST & MASSACHUSETTS AVE,2023,0,0,0
BLAKE ST & MASSACHUSETTS AVE,2024,0,0,0
BLAKE ST & MASSACHUSETTS AVE,2025,2,0,2
MOUNT AUBURN ST & PUTNAM AVE,2023,0,0,0
MOUNT AUBURN ST & PUTNAM AVE,2024,2,2,0
MOUNT AUBURN ST & PUTNAM AVE,2025,0,0,0
Unresolved location,2023,90,58,33
Unresolved location,2024,83,54,30
Unresolved location,2025,99,60,39
ABERDEEN AVE & HURON AVE,2023,0,0,0
ABERDEEN AVE & HURON AVE,2024,1,1,0
ABERDEEN AVE & HURON AVE,2025,0,0,0
ABERDEEN AVE & MOUNT AUBURN ST,2023,1,1,0
ABERDEEN AVE & MOUNT AUBURN ST,2024,0,0,0
ABERDEEN AVE & MOUNT AUBURN ST,2025,0,0,0
AGASSIZ ST & LINNAEAN ST,2023,0,0,0
AGASSIZ ST & LINNAEAN ST,2024,1,0,1
AGASSIZ ST & LINNAEAN ST,2025,0,0,0
ALBERTA TERRACE & MASSACHUSETTS AVE,2023,0,0,0
ALBERTA TERRACE & MASSACHUSETTS AVE,2024,1,0,1
ALBERTA TERRACE & MASSACHUSETTS AVE,2025,0,0,0
ALEWIFE BROOK PKWY & MASSACHUSETTS AVE,2023,1,1,0
ALEWIFE BROOK PKWY & MASSACHUSETTS AVE,2024,0,0,0
ALEWIFE BROOK PKWY & MASSACHUSETTS AVE,2025,0,0,0
ALLSTON ST & PLEASANT ST,2023,1,1,0
ALLSTON ST & PLEASANT ST,2024,0,0,0
ALLSTON ST & PLEASANT ST,2025,0,0,0
AMHERST & MASSACHUSETTS AVE,2023,0,0,0
AMHERST & MASSACHUSETTS AVE,2024,0,0,0
AMHERST & MASSACHUSETTS AVE,2025,1,1,0
AMORY ST & HAMPSHIRE ST,2023,1,1,0
AMORY ST & HAMPSHIRE ST,2024,0,0,0
AMORY ST & HAMPSHIRE ST,2025,0,0,0
ANTRIM ST & CAMBRIDGE ST,2023,0,0,0
ANTRIM ST & CAMBRIDGE ST,2024,1,1,0
ANTRIM ST & CAMBRIDGE ST,2025,0,0,0
APPIAN WAY & BRATTLE ST,2023,0,0,0
APPIAN WAY & BRATTLE ST,2024,1,1,0
APPIAN WAY & BRATTLE ST,2025,0,0,0
APPIAN WAY & GARDEN,2023,0,0,0
APPIAN WAY & GARDEN,2024,0,0,0
APPIAN WAY & GARDEN,2025,1,0,1
APPLETON ST & BRALLTE ST,2023,1,1,0
APPLETON ST & BRALLTE ST,2024,0,0,0
APPLETON ST & BRALLTE ST,2025,0,0,0
AUDREY ST & VASSAR ST,2023,0,0,0
AUDREY ST & VASSAR ST,2024,1,0,1
AUDREY ST & VASSAR ST,2025,0,0,0
AVON ST & SHEPARD ST,2023,0,0,0
AVON ST & SHEPARD ST,2024,1,0,1
AVON ST & SHEPARD ST,2025,0,0,0
BANKS ST & SURREY ST,2023,0,0,0
BANKS ST & SURREY ST,2024,1,1,0
BANKS ST & SURREY ST,2025,0,0,0
BEECH ST & ELM ST,2023,0,0,0
BEECH ST & ELM ST,2024,0,0,0
BEECH ST & ELM ST,2025,1,0,1
BELMONT ST & HOLWORTHY,2023,0,0,0
BELMONT ST & HOLWORTHY,2024,0,0,0
BELMONT ST & HOLWORTHY,2025,1,1,0
BELMONT ST & SAINT MARYS ST,2023,1,0,1
BELMONT ST & SAINT MARYS ST,2024,0,0,0
BELMONT ST & SAINT MARYS ST,2025,0,0,0
BENNETT ST & UNIVERSITY RD,2023,1,1,0
BENNETT ST & UNIVERSITY RD,2024,0,0,0
BENNETT ST & UNIVERSITY RD,2025,0,0,0
BERKSHIRE ST & CAMBRIDGE ST,2023,1,1,0
BERKSHIRE ST & CAMBRIDGE ST,2024,0,0,0
BERKSHIRE ST & CAMBRIDGE ST,2025,0,0,0
BIGELOW ST & MASSACHUSETTS AVE,2023,1,0,1
BIGELOW ST & MASSACHUSETTS AVE,2024,0,0,0
BIGELOW ST & MASSACHUSETTS AVE,2025,0,0,0
BINNEY ST & SECOND ST,2023,0,0,0
BINNEY ST & SECOND ST,2024,0,0,0
BINNEY ST & SECOND ST,2025,1,1,0
BISHOP ALLEN & COLUMBIA ST,2023,0,0,0
BISHOP ALLEN & COLUMBIA ST,2024,1,0,1
BISHOP ALLEN & COLUMBIA ST,2025,0,0,0
BISHOP ALLEN DR & PROSPECT ST,2023,0,0,0
BISHOP ALLEN DR & PROSPECT ST,2024,0,0,0
BISHOP ALLEN DR & PROSPECT ST,2025,1,0,1
BISHOP ALLEN DR & TEMPLE ST,2023,1,0,1
BISHOP ALLEN DR & TEMPLE ST,2024,0,0,0
BISHOP ALLEN DR & TEMPLE ST,2025,0,0,0
BISHOP ALLEN SR & INMAN ST,2023,0,0,0
BISHOP ALLEN SR & INMAN ST,2024,1,0,1
BISHOP ALLEN SR & INMAN ST,2025,0,0,0
BLANCHARD RD & CONCORD AVE,2023,1,0,1
BLANCHARD RD & CONCORD AVE,2024,0,0,0
BLANCHARD RD & CONCORD AVE,2025,0,0,0
BRATTLE ST & CRAIGE ST,2023,0,0,0
BRATTLE ST & CRAIGE ST,2024,0,0,0
BRATTLE ST & CRAIGE ST,2025,1,1,0
BRATTLE ST & FAYERWEATHER ST,2023,0,0,0
BRATTLE ST & FAYERWEATHER ST,2024,1,1,0
BRATTLE ST & FAYERWEATHER ST,2025,0,0,0
BRATTLE ST & HAWTHORN,2023,1,0,1
BRATTLE ST & HAWTHORN,2024,0,0,0
BRATTLE ST & HAWTHORN,2025,0,0,0
BRATTLE ST & HAWTHORN ST,2023,1,1,0
BRATTLE ST & HAWTHORN ST,2024,0,0,0
BRATTLE ST & HAWTHORN ST,2025,0,0,0
BRATTLE ST & JAMES ST,2023,0,0,0
BRATTLE ST & JAMES ST,2024,0,0,0
BRATTLE ST & JAMES ST,2025,1,1,0
BRATTLE ST & LARCH RD,2023,1,1,0
BRATTLE ST & LARCH RD,2024,0,0,0
BRATTLE ST & LARCH RD,2025,0,0,0
BRATTLE ST & SPARKS,2023,1,1,0
BRATTLE ST & SPARKS,2024,0,0,0
BRATTLE ST & SPARKS,2025,0,0,0
BREWER ST & MOUNT AUBURN ST,2023,0,0,0
BREWER ST & MOUNT AUBURN ST,2024,1,0,1
BREWER ST & MOUNT AUBURN ST,2025,0,0,0
BROAD CANAL PKWY & MAIN ST,2023,1,1,0
BROAD CANAL PKWY & MAIN ST,2024,0,0,0
BROAD CANAL PKWY & MAIN ST,2025,0,0,0
BROAD CANAL WAY & THIRD ST,2023,0,0,0
BROAD CANAL WAY & THIRD ST,2024,0,0,0
BROAD CANAL WAY & THIRD ST,2025,1,0,1
BROADWAY & CLARK ST,2023,0,0,0
BROADWAY & CLARK ST,2024,1,0,1
BROADWAY & CLARK ST,2025,0,0,0
BROADWAY & COLUMBIA ST,2023,1,1,0
BROADWAY & COLUMBIA ST,2024,0,0,0
BROADWAY & COLUMBIA ST,2025,0,0,0
BROADWAY & FAYETTE ST,2023,0,0,0
BROADWAY & FAYETTE ST,2024,1,0,1
BROADWAY & FAYETTE ST,2025,0,0,0
BROADWAY & GALILEI WAY,2023,0,0,0
BROADWAY & GALILEI WAY,2024,0,0,0
BROADWAY & GALILEI WAY,2025,1,1,0
BROADWAY & INMAN ST,2023,0,0,0
BROADWAY & INMAN ST,2024,1,1,0
BROADWAY & INMAN ST,2025,0,0,0
BROADWAY & MOORE,2023,1,1,0
BROADWAY & MOORE,2024,0,0,0
BROADWAY & MOORE,2025,0,0,0
BROADWAY & PORTLAND,2023,1,0,1
BROADWAY & PORTLAND,2024,0,0,0
BROADWAY & PORTLAND,2025,0,0,0
BROADWAY & PRESCOTT,2023,0,0,0
BROADWAY & PRESCOTT,2024,0,0,0
BROADWAY & PRESCOTT,2025,1,0,1
BROADWAY & PRESCOTT ST,2023,0,0,0
BROADWAY & PRESCOTT ST,2024,0,0,0
BROADWAY & PRESCOTT ST,2025,1,0,1
BROADWAY & PROSPECT,2023,0,0,0
BROADWAY & PROSPECT,2024,0,0,0
BROADWAY & PROSPECT,2025,1,1,0
BROADWAY ST & MAPLE AVE,2023,1,1,0
BROADWAY ST & MAPLE AVE,2024,0,0,0
BROADWAY ST & MAPLE AVE,2025,0,0,0
CAMBRIDGE & COLUMBIA ST,2023,0,0,0
CAMBRIDGE & COLUMBIA ST,2024,0,0,0
CAMBRIDGE & COLUMBIA ST,2025,1,1,0
CAMBRIDGE & IRVING,2023,1,1,0
CAMBRIDGE & IRVING,2024,0,0,0
CAMBRIDGE & IRVING,2025,0,0,0
CAMBRIDGE ST & ELLSWORTH AVE,2023,1,1,0
CAMBRIDGE ST & ELLSWORTH AVE,2024,0,0,0
CAMBRIDGE ST & ELLSWORTH AVE,2025,0,0,0
CAMBRIDGE ST & ELM ST,2023,0,0,0
CAMBRIDGE ST & ELM ST,2024,0,0,0
CAMBRIDGE ST & ELM ST,2025,1,1,0
CAMBRIDGE ST & FAYETTE ST,2023,1,0,1
CAMBRIDGE ST & FAYETTE ST,2024,0,0,0
CAMBRIDGE ST & FAYETTE ST,2025,0,0,0
CAMBRIDGE ST & FIRST ST,2023,0,0,0
CAMBRIDGE ST & FIRST ST,2024,1,1,0
CAMBRIDGE ST & FIRST ST,2025,0,0,0
CAMBRIDGE ST & IRVING ST,2023,0,0,0
CAMBRIDGE ST & IRVING ST,2024,0,0,0
CAMBRIDGE ST & IRVING ST,2025,1,1,0
CAMBRIDGE ST & LAMBERT ST,2023,0,0,0
CAMBRIDGE ST & LAMBERT ST,2024,0,0,0
CAMBRIDGE ST & LAMBERT ST,2025,1,0,1
CAMBRIDGE ST & MAPLE AVE,2023,0,0,0
CAMBRIDGE ST & MAPLE AVE,2024,0,0,0
CAMBRIDGE ST & MAPLE AVE,2025,1,1,0
CAMBRIDGE ST & NORTH FIRST,2023,0,0,0
CAMBRIDGE ST & NORTH FIRST,2024,0,0,0
CAMBRIDGE ST & NORTH FIRST,2025,1,1,0
CAMBRIDGE ST & OAK ST,2023,0,0,0
CAMBRIDGE ST & OAK ST,2024,0,0,0
CAMBRIDGE ST & OAK ST,2025,1,1,0
CAMBRIDGE ST & SECOND ST,2023,1,0,1
CAMBRIDGE ST & SECOND ST,2024,0,0,0
CAMBRIDGE ST & SECOND ST,2025,0,0,0
CAMBRIDGE ST & SIXTH ST,2023,0,0,0
CAMBRIDGE ST & SIXTH ST,2024,1,0,1
CAMBRIDGE ST & SIXTH ST,2025,0,0,0
CAMBRIDGE ST & WARREN ST,2023,0,0,0
CAMBRIDGE ST & WARREN ST,2024,1,0,1
CAMBRIDGE ST & WARREN ST,2025,0,0,0
CAMRBIDGE & MAPLE AVE,2023,0,0,0
CAMRBIDGE & MAPLE AVE,2024,0,0,0
CAMRBIDGE & MAPLE AVE,2025,1,1,0
CARDINAL MEDEIROS & HAMPSHIRE ST,2023,0,0,0
CARDINAL MEDEIROS & HAMPSHIRE ST,2024,0,0,0
CARDINAL MEDEIROS & HAMPSHIRE ST,2025,1,1,0
CARDINAL MEDEIROS AVE & MARNEY ST,2023,1,0,1
CARDINAL MEDEIROS AVE & MARNEY ST,2024,0,0,0
CARDINAL MEDEIROS AVE & MARNEY ST,2025,0,0,0
CHAUCEY ST & GARDEN ST,2023,0,0,0
CHAUCEY ST & GARDEN ST,2024,1,1,0
CHAUCEY ST & GARDEN ST,2025,0,0,0
CHAUNCY & GARDEN ST,2023,1,1,0
CHAUNCY & GARDEN ST,2024,0,0,0
CHAUNCY & GARDEN ST,2025,0,0,0
CHAUNCY ST & MASSACHUSETTS AVE,2023,0,0,0
CHAUNCY ST & MASSACHUSETTS AVE,2024,1,0,1
CHAUNCY ST & MASSACHUSETTS AVE,2025,0,0,0
CHILD ST & JACOB ST,2023,0,0,0
CHILD ST & JACOB ST,2024,0,0,0
CHILD ST & JACOB ST,2025,1,0,1
CLAY ST & RINDGE AVE,2023,1,0,1
CLAY ST & RINDGE AVE,2024,0,0,0
CLAY ST & RINDGE AVE,2025,0,0,0
CLIFTON CIR & RINDGE AVE,2023,0,0,0
CLIFTON CIR & RINDGE AVE,2024,1,1,0
CLIFTON CIR & RINDGE AVE,2025,0,0,0
COLUMBIA ST & WEBSTER AVE,2023,0,0,0
COLUMBIA ST & WEBSTER AVE,2024,1,1,0
COLUMBIA ST & WEBSTER AVE,2025,0,0,0
CONCORD AVE & GARDEN ST,2023,0,0,0
CONCORD AVE & GARDEN ST,2024,0,0,0
CONCORD AVE & GARDEN ST,2025,1,1,0
CONCORD AVE & SMITH PL,2023,0,0,0
CONCORD AVE & SMITH PL,2024,1,0,1
CONCORD AVE & SMITH PL,2025,0,0,0
COTTAGE ST & RIVER ST,2023,0,0,0
COTTAGE ST & RIVER ST,2024,1,1,0
COTTAGE ST & RIVER ST,2025,0,0,0
DANA ST & HARVARD ST,2023,0,0,0
DANA ST & HARVARD ST,2024,0,0,0
DANA ST & HARVARD ST,2025,1,0,1
DEWOLFE & MILL ST,2023,0,0,0
DEWOLFE & MILL ST,2024,0,0,0
DEWOLFE & MILL ST,2025,1,1,0
DOVER ST & MASSACHUSETTS AVE,2023,1,1,0
DOVER ST & MASSACHUSETTS AVE,2024,0,0,0
DOVER ST & MASSACHUSETTS AVE,2025,0,0,0
DUDLEY ST & MASSACHUSETTS AVE,2023,1,0,1
DUDLEY ST & MASSACHUSETTS AVE,2024,0,0,0
DUDLEY ST & MASSACHUSETTS AVE,2025,0,0,0
DUNSTER ST & SOUTH ST,2023,0,0,0
DUNSTER ST & SOUTH ST,2024,1,0,1
DUNSTER ST & SOUTH ST,2025,0,0,0
EAST ST & MORGAN AVE,2023,0,0,0
EAST ST & MORGAN AVE,2024,0,0,0
EAST ST & MORGAN AVE,2025,1,1,0
ELM ST & HAMPSHIRE ST,2023,1,0,1
ELM ST & HAMPSHIRE ST,2024,0,0,0
ELM ST & HAMPSHIRE ST,2025,0,0,0
EVERETT ST & OXFORD ST,2023,0,0,0
EVERETT ST & OXFORD ST,2024,1,1,0
EVERETT ST & OXFORD ST,2025,0,0,0
EXETER PARK & MASSACHUSETTS AVE,2023,1,0,1
EXETER PARK & MASSACHUSETTS AVE,2024,0,0,0
EXETER PARK & MASSACHUSETTS AVE,2025,0,0,0
FAYERWEATHER ST & RESERVIOR ST,2023,0,0,0
FAYERWEATHER ST & RESERVIOR ST,2024,1,0,1
FAYERWEATHER ST & RESERVIOR ST,2025,0,0,0
FIRST ST & HURLEY ST,2023,0,0,0
FIRST ST & HURLEY ST,2024,0,0,0
FIRST ST & HURLEY ST,2025,1,0,1
FLAGG ST & PUTNAM AVE,2023,0,0,0
FLAGG ST & PUTNAM AVE,2024,0,0,0
FLAGG ST & PUTNAM AVE,2025,1,0,1
FRANKLIN ST & SIDNEY ST,2023,1,1,0
FRANKLIN ST & SIDNEY ST,2024,0,0,0
FRANKLIN ST & SIDNEY ST,2025,0,0,0
GERRY ST & MOUNT AUBURN ST,2023,0,0,0
GERRY ST & MOUNT AUBURN ST,2024,1,0,1
GERRY ST & MOUNT AUBURN ST,2025,0,0,0
GORE ST & RUFO RD,2023,0,0,0
GORE ST & RUFO RD,2024,1,1,0
GORE ST & RUFO RD,2025,0,0,0
GORE ST & THIRD ST,2023,1,1,0
GORE ST & THIRD ST,2024,0,0,0
GORE ST & THIRD ST,2025,0,0,0
GREEN ST & MAGAZINE ST,2023,0,0,0
GREEN ST & MAGAZINE ST,2024,1,0,1
GREEN ST & MAGAZINE ST,2025,0,0,0
GREEN ST & WESTERN AVE,2023,0,0,0
GREEN ST & WESTERN AVE,2024,0,0,0
GREEN ST & WESTERN AVE,2025,1,0,1
HAMMOND & OXFORD,2023,1,1,0
HAMMOND & OXFORD,2024,0,0,0
HAMMOND & OXFORD,2025,0,0,0
HAMNPSHIRE ST & PORLAND ST,2023,0,0,0
HAMNPSHIRE ST & PORLAND ST,2024,0,0,0
HAMNPSHIRE ST & PORLAND ST,2025,1,1,0
HAMPSHIRE & PROSPECT,2023,0,0,0
HAMPSHIRE & PROSPECT,2024,0,0,0
HAMPSHIRE & PROSPECT,2025,1,1,0
HAMPSHIRE ST & MURDOCK ST,2023,0,0,0
HAMPSHIRE ST & MURDOCK ST,2024,1,1,0
HAMPSHIRE ST & MURDOCK ST,2025,0,0,0
HAMPSHIRE ST & PROSPECT,2023,0,0,0
HAMPSHIRE ST & PROSPECT,2024,1,1,0
HAMPSHIRE ST & PROSPECT,2025,0,0,0
HARVARD ST & MOORE ST,2023,1,1,0
HARVARD ST & MOORE ST,2024,0,0,0
HARVARD ST & MOORE ST,2025,0,0,0
HARVARD ST & PROSPECT ST,2023,0,0,0
HARVARD ST & PROSPECT ST,2024,1,0,1
HARVARD ST & PROSPECT ST,2025,0,0,0
HARVARD ST & TROWBRIDGE,2023,1,1,0
HARVARD ST & TROWBRIDGE,2024,0,0,0
HARVARD ST & TROWBRIDGE,2025,0,0,0
HARVARD ST & WARE ST,2023,1,0,1
HARVARD ST & WARE ST,2024,0,0,0
HARVARD ST & WARE ST,2025,0,0,0
HARVARD ST & WINDSOR ST,2023,0,0,0
HARVARD ST & WINDSOR ST,2024,0,0,0
HARVARD ST & WINDSOR ST,2025,1,0,1
HEMLOCK RD & SPARKS ST,2023,1,1,0
HEMLOCK RD & SPARKS ST,2024,0,0,0
HEMLOCK RD & SPARKS ST,2025,0,0,0
HINGHAM ST & MEMORIAL DR,2023,0,0,0
HINGHAM ST & MEMORIAL DR,2024,0,0,0
HINGHAM ST & MEMORIAL DR,2025,1,1,0
HOLYOKE & MOUNT AUBURN ST,2023,1,0,1
HOLYOKE & MOUNT AUBURN ST,2024,0,0,0
HOLYOKE & MOUNT AUBURN ST,2025,0,0,0
HOWARD ST & WESTERN AVE,2023,0,0,0
HOWARD ST & WESTERN AVE,2024,0,0,0
HOWARD ST & WESTERN AVE,2025,1,1,0
HOWARD SY & RIVER ST,2023,0,0,0
HOWARD SY & RIVER ST,2024,0,0,0
HOWARD SY & RIVER ST,2025,1,0,1
HURON AVE & LAKEVIEW AVE,2023,0,0,0
HURON AVE & LAKEVIEW AVE,2024,0,0,0
HURON AVE & LAKEVIEW AVE,2025,1,0,1
IRVING ST & KIRKLAND ST,2023,1,1,0
IRVING ST & KIRKLAND ST,2024,0,0,0
IRVING ST & KIRKLAND ST,2025,0,0,0
JAY ST & WESTERN AVE,2023,0,0,0
JAY ST & WESTERN AVE,2024,1,1,0
JAY ST & WESTERN AVE,2025,0,0,0
JFK ST & MOUNT AUBURN ST,2023,1,0,1
JFK ST & MOUNT AUBURN ST,2024,0,0,0
JFK ST & MOUNT AUBURN ST,2025,0,0,0
JFK ST & MOUNT AURBURNST,2023,0,0,0
JFK ST & MOUNT AURBURNST,2024,1,0,1
JFK ST & MOUNT AURBURNST,2025,0,0,0
JFK ST & WINTHROP ST,2023,0,0,0
JFK ST & WINTHROP ST,2024,1,0,1
JFK ST & WINTHROP ST,2025,0,0,0
JOHN F KENNEDY ST & MOUNT AUBURN ST,2023,0,0,0
JOHN F KENNEDY ST & MOUNT AUBURN ST,2024,0,0,0
JOHN F KENNEDY ST & MOUNT AUBURN ST,2025,1,0,1
KIRKLAND PL & KIRKLAND ST,2023,1,0,1
KIRKLAND PL & KIRKLAND ST,2024,0,0,0
KIRKLAND PL & KIRKLAND ST,2025,0,0,0
LAND BLVD & MONSIGNOR OBRIEN HIGHWAY,2023,0,0,0
LAND BLVD & MONSIGNOR OBRIEN HIGHWAY,2024,1,0,1
LAND BLVD & MONSIGNOR OBRIEN HIGHWAY,2025,0,0,0
LAWRENCE ST & MAGAZINE ST,2023,0,0,0
LAWRENCE ST & MAGAZINE ST,2024,1,1,0
LAWRENCE ST & MAGAZINE ST,2025,0,0,0
LEE ST & MASSACHUSETTS AVE,2023,0,0,0
LEE ST & MASSACHUSETTS AVE,2024,1,1,0
LEE ST & MASSACHUSETTS AVE,2025,0,0,0
LINDEN ST & MOUNT AUBURN ST,2023,1,0,1
LINDEN ST & MOUNT AUBURN ST,2024,0,0,0
LINDEN ST & MOUNT AUBURN ST,2025,0,0,0
MAGAZINE ST & PUTNAM AVE,2023,0,0,0
MAGAZINE ST & PUTNAM AVE,2024,1,0,1
MAGAZINE ST & PUTNAM AVE,2025,0,0,0
MAIN ST & MEMORIAL DR,2023,0,0,0
MAIN ST & MEMORIAL DR,2024,1,1,0
MAIN ST & MEMORIAL DR,2025,0,0,0
MAIN ST & WADSWORTH ST,2023,0,0,0
MAIN ST & WADSWORTH ST,2024,1,0,1
MAIN ST & WADSWORTH ST,2025,0,0,0
MASSACHUSETTS AVE & MASSACHUSETTS AVE EXTENSION,2023,1,1,0
MASSACHUSETTS AVE & MASSACHUSETTS AVE EXTENSION,2024,0,0,0
MASSACHUSETTS AVE & MASSACHUSETTS AVE EXTENSION,2025,0,0,0
MASSACHUSETTS AVE & PEARL,2023,1,1,0
MASSACHUSETTS AVE & PEARL,2024,0,0,0
MASSACHUSETTS AVE & PEARL,2025,0,0,0
MASSACHUSETTS AVE & PLEASANT ST,2023,0,0,0
MASSACHUSETTS AVE & PLEASANT ST,2024,1,1,0
MASSACHUSETTS AVE & PLEASANT ST,2025,0,0,0
MASSACHUSETTS AVE & PROSPECT ST,2023,1,0,1
MASSACHUSETTS AVE & PROSPECT ST,2024,0,0,0
MASSACHUSETTS AVE & PROSPECT ST,2025,0,0,0
MASSACHUSETTS AVE & SHEA RD,2023,0,0,0
MASSACHUSETTS AVE & SHEA RD,2024,1,1,0
MASSACHUSETTS AVE & SHEA RD,2025,0,0,0
MASSACHUSETTS AVE & TROWBRIDGE,2023,1,1,0
MASSACHUSETTS AVE & TROWBRIDGE,2024,0,0,0
MASSACHUSETTS AVE & TROWBRIDGE,2025,0,0,0
MASSACHUSETTS AVE & VASSAR,2023,0,0,0
MASSACHUSETTS AVE & VASSAR,2024,0,0,0
MASSACHUSETTS AVE & VASSAR,2025,1,1,0
MASSACHUSETTS AVE & WESTERN AVE,2023,0,0,0
MASSACHUSETTS AVE & WESTERN AVE,2024,1,1,0
MASSACHUSETTS AVE & WESTERN AVE,2025,0,0,0
MASSACHUSETTS AVE & WHITE ST,2023,0,0,0
MASSACHUSETTS AVE & WHITE ST,2024,1,1,0
MASSACHUSETTS AVE & WHITE ST,2025,0,0,0
MASSACHUSETTSS AVE & MASSACHUSSETTS AVE,2023,0,0,0
MASSACHUSETTSS AVE & MASSACHUSSETTS AVE,2024,1,1,0
MASSACHUSETTSS AVE & MASSACHUSSETTS AVE,2025,0,0,0
MASSCHUSETTS AVE & PROSPECT ST,2023,0,0,0
MASSCHUSETTS AVE & PROSPECT ST,2024,0,0,0
MASSCHUSETTS AVE & PROSPECT ST,2025,1,1,0
MEMORIAL DR & VASSAR ST,2023,0,0,0
MEMORIAL DR & VASSAR ST,2024,0,0,0
MEMORIAL DR & VASSAR ST,2025,1,0,1
MONSIGNOR OBRIEN HIGHWAY & THIRD ST,2023,0,0,0
MONSIGNOR OBRIEN HIGHWAY & THIRD ST,2024,1,0,1
MONSIGNOR OBRIEN HIGHWAY & THIRD ST,2025,0,0,0
MOUNT AUBURN ST & PLYMPTON ST,2023,1,1,0
MOUNT AUBURN ST & PLYMPTON ST,2024,0,0,0
MOUNT AUBURN ST & PLYMPTON ST,2025,0,0,0
MT PLEASANT ST & WALDEN ST,2023,0,0,0
MT PLEASANT ST & WALDEN ST,2024,0,0,0
MT PLEASANT ST & WALDEN ST,2025,1,0,1
NORTH FIRST ST & WATER ST,2023,0,0,0
NORTH FIRST ST & WATER ST,2024,0,0,0
NORTH FIRST ST & WATER ST,2025,1,1,0
PALERMO ST & WILLOW ST,2023,1,0,1
PALERMO ST & WILLOW ST,2024,0,0,0
PALERMO ST & WILLOW ST,2025,0,0,0
PEMBERTON ST & RINDGE AVE,2023,0,0,0
PEMBERTON ST & RINDGE AVE,2024,1,0,1
PEMBERTON ST & RINDGE AVE,2025,0,0,0
PEMBERTON ST & YERXA RD,2023,1,0,1
PEMBERTON ST & YERXA RD,2024,0,0,0
PEMBERTON ST & YERXA RD,2025,0,0,0
PLEASANT ST & WESTERN AVE,2023,0,0,0
PLEASANT ST & WESTERN AVE,2024,1,1,0
PLEASANT ST & WESTERN AVE,2025,0,0,0
POTTER ST & THIRD ST,2023,0,0,0
POTTER ST & THIRD ST,2024,1,1,0
POTTER ST & THIRD ST,2025,0,0,0
PUTNAM AVE & SIDNEY ST,2023,0,0,0
PUTNAM AVE & SIDNEY ST,2024,0,0,0
PUTNAM AVE & SIDNEY ST,2025,1,0,1
RAMOND ST & UPLAND RD,2023,0,0,0
RAMOND ST & UPLAND RD,2024,1,1,0
RAMOND ST & UPLAND RD,2025,0,0,0
RICHDALE AVE & UPLAND RD,2023,0,0,0
RICHDALE AVE & UPLAND RD,2024,0,0,0
RICHDALE AVE & UPLAND RD,2025,1,0,1
ROGERS ST & SECOND ST,2023,0,0,0
ROGERS ST & SECOND ST,2024,0,0,0
ROGERS ST & SECOND ST,2025,1,1,0
SECKEL ST & WINDSOR ST,2023,0,0,0
SECKEL ST & WINDSOR ST,2024,1,0,1
SECKEL ST & WINDSOR ST,2025,0,0,0
SHERMAN ST & WALDEN ST,2023,1,0,1
SHERMAN ST & WALDEN ST,2024,0,0,0
SHERMAN ST & WALDEN ST,2025,0,0,0
SOMERVILLE AVE & WHITE ST,2023,0,0,0
SOMERVILLE AVE & WHITE ST,2024,1,1,0
SOMERVILLE AVE & WHITE ST,2025,0,0,0
ALBANY ST & CROSS ST,2023,0,0,0
ALBANY ST & CROSS ST,2024,1,1,0
ALBANY ST & CROSS ST,2025,0,0,0
ANTRIM ST & BROADWAY,2023,0,0,0
ANTRIM ST & BROADWAY,2024,1,0,1
ANTRIM ST & BROADWAY,2025,0,0,0
APPIAN WAY & BRATTLE,2023,0,0,0
APPIAN WAY & BRATTLE,2024,1,1,0
APPIAN WAY & BRATTLE,2025,0,0,0
APPLETON ST & BRATTLE ST,2023,0,0,0
APPLETON ST & BRATTLE ST,2024,0,0,0
APPLETON ST & BRATTLE ST,2025,1,1,0
BEECH ST & ORCHARD ST,2023,1,0,1
BEECH ST & ORCHARD ST,2024,0,0,0
BEECH ST & ORCHARD ST,2025,0,0,0
BENT ST & SIXTH ST,2023,0,0,0
BENT ST & SIXTH ST,2024,1,1,0
BENT ST & SIXTH ST,2025,0,0,0
BINNEY ST & THIRD ST,2023,1,0,1
BINNEY ST & THIRD ST,2024,0,0,0
BINNEY ST & THIRD ST,2025,0,0,0
BISHOP ALLEN DR & MAIN ST,2023,0,0,0
BISHOP ALLEN DR & MAIN ST,2024,1,1,0
BISHOP ALLEN DR & MAIN ST,2025,0,0,0
BRATTLE SQ & BRATTLE ST,2023,1,0,1
BRATTLE SQ & BRATTLE ST,2024,0,0,0
BRATTLE SQ & BRATTLE ST,2025,0,0,0
BRATTLE ST & CHURCH ST,2023,1,1,0
BRATTLE ST & CHURCH ST,2024,0,0,0
BRATTLE ST & CHURCH ST,2025,0,0,0
BRATTLE ST & MASON ST,2023,0,0,0
BRATTLE ST & MASON ST,2024,1,0,1
BRATTLE ST & MASON ST,2025,0,0,0
BRATTLE ST & MOUNT AUBURN ST,2023,1,1,0
BRATTLE ST & MOUNT AUBURN ST,2024,0,0,0
BRATTLE ST & MOUNT AUBURN ST,2025,0,0,0
BRISTOL ST & HAMPSHIRE ST,2023,0,0,0
BRISTOL ST & HAMPSHIRE ST,2024,0,0,0
BRISTOL ST & HAMPSHIRE ST,2025,1,1,0
BROADWAY & ELLERY ST,2023,1,0,1
BROADWAY & ELLERY ST,2024,0,0,0
BROADWAY & ELLERY ST,2025,0,0,0
BROADWAY & GALILEO WAY,2023,0,0,0
BROADWAY & GALILEO WAY,2024,0,0,0
BROADWAY & GALILEO WAY,2025,1,1,0
BROADWAY & TREMONT,2023,0,0,0
BROADWAY & TREMONT,2024,0,0,0
BROADWAY & TREMONT,2025,1,0,1
BROADWAY ST & PORTLAND ST,2023,0,0,0
BROADWAY ST & PORTLAND ST,2024,1,1,0
BROADWAY ST & PORTLAND ST,2025,0,0,0
BROOKLINE ST & PUTNAM AVE,2023,0,0,0
BROOKLINE ST & PUTNAM AVE,2024,1,1,0
BROOKLINE ST & PUTNAM AVE,2025,0,0,0
BROOKLINE ST & TUTOR ST,2023,0,0,0
BROOKLINE ST & TUTOR ST,2024,1,1,0
BROOKLINE ST & TUTOR ST,2025,0,0,0
CAMBRIDGE & NORFOLK ST,2023,0,0,0
CAMBRIDGE & NORFOLK ST,2024,1,1,0
CAMBRIDGE & NORFOLK ST,2025,0,0,0
CAMBRIDGE ST & FIFTH ST,2023,0,0,0
CAMBRIDGE ST & FIFTH ST,2024,0,0,0
CAMBRIDGE ST & FIFTH ST,2025,1,1,0
CAMBRIDGE ST & SPRINGFIELD ST,2023,0,0,0
CAMBRIDGE ST & SPRINGFIELD ST,2024,1,1,0
CAMBRIDGE ST & SPRINGFIELD ST,2025,0,0,0
CAMERON AVE & MASSACHUSETTS AVE,2023,1,1,0
CAMERON AVE & MASSACHUSETTS AVE,2024,0,0,0
CAMERON AVE & MASSACHUSETTS AVE,2025,0,0,0
CAMERON AVE & SEVEN PINES AVE,2023,1,1,0
CAMERON AVE & SEVEN PINES AVE,2024,0,0,0
CAMERON AVE & SEVEN PINES AVE,2025,0,0,0
CARDINAL MEDIROS AVE & HAMPSHIRE ST,2023,0,0,0
CARDINAL MEDIROS AVE & HAMPSHIRE ST,2024,0,0,0
CARDINAL MEDIROS AVE & HAMPSHIRE ST,2025,1,1,0
COLUMBIA & HAMPSHIRE,2023,0,0,0
COLUMBIA & HAMPSHIRE,2024,0,0,0
COLUMBIA & HAMPSHIRE,2025,1,1,0
COLUMBIA ST & COLUMBIA TER,2023,0,0,0
COLUMBIA ST & COLUMBIA TER,2024,0,0,0
COLUMBIA ST & COLUMBIA TER,2025,1,0,1
COLUMBIA ST & LINCOLN ST,2023,1,1,0
COLUMBIA ST & LINCOLN ST,2024,0,0,0
COLUMBIA ST & LINCOLN ST,2025,0,0,0
CONCORD AVE & CONCORD LANE,2023,0,0,0
CONCORD AVE & CONCORD LANE,2024,1,1,0
CONCORD AVE & CONCORD LANE,2025,0,0,0
CONCORD AVE & FAYERWEATHER ST,2023,0,0,0
CONCORD AVE & FAYERWEATHER ST,2024,1,0,1
CONCORD AVE & FAYERWEATHER ST,2025,0,0,0
CONCORD AVE & NEW ST,2023,0,0,0
CONCORD AVE & NEW ST,2024,1,1,0
CONCORD AVE & NEW ST,2025,0,0,0
EMILY ST & SYDNEY ST,2023,0,0,0
EMILY ST & SYDNEY ST,2024,1,1,0
EMILY ST & SYDNEY ST,2025,0,0,0
FOSTER ST & SPARKS ST,2023,0,0,0
FOSTER ST & SPARKS ST,2024,0,0,0
FOSTER ST & SPARKS ST,2025,1,0,1
FRANKLIN ST & PEARL ST,2023,0,0,0
FRANKLIN ST & PEARL ST,2024,0,0,0
FRANKLIN ST & PEARL ST,2025,1,0,1
FULKERSON ST & THORNDIKE ST,2023,1,1,0
FULKERSON ST & THORNDIKE ST,2024,0,0,0
FULKERSON ST & THORNDIKE ST,2025,0,0,0
GREEN ST & SIDNEY ST,2023,0,0,0
GREEN ST & SIDNEY ST,2024,0,0,0
GREEN ST & SIDNEY ST,2025,1,1,0
HARVARD ST & NORFOLK ST,2023,0,0,0
HARVARD ST & NORFOLK ST,2024,1,1,0
HARVARD ST & NORFOLK ST,2025,0,0,0
HAYWARD ST & MAIN ST,2023,0,0,0
HAYWARD ST & MAIN ST,2024,0,0,0
HAYWARD ST & MAIN ST,2025,1,1,0
HOLYOKE ST & MASSACHUSETTS AVE,2023,0,0,0
HOLYOKE ST & MASSACHUSETTS AVE,2024,1,1,0
HOLYOKE ST & MASSACHUSETTS AVE,2025,0,0,0
HOLYOKE ST & MOUNT AUBURN ST,2023,1,1,0
HOLYOKE ST & MOUNT AUBURN ST,2024,0,0,0
HOLYOKE ST & MOUNT AUBURN ST,2025,0,0,0
INMAN ST & MASSACHUSETTS AVE,2023,0,0,0
INMAN ST & MASSACHUSETTS AVE,2024,1,1,0
INMAN ST & MASSACHUSETTS AVE,2025,0,0,0
KINNAIRD ST & PUTNAM AVE,2023,0,0,0
KINNAIRD ST & PUTNAM AVE,2024,1,1,0
KINNAIRD ST & PUTNAM AVE,2025,0,0,0
KIRKLAND ST & ROBERTS RD,2023,0,0,0
KIRKLAND ST & ROBERTS RD,2024,1,1,0
KIRKLAND ST & ROBERTS RD,2025,0,0,0
LINNAEAN ROADWAY & MASSACHUSETTS AVE,2023,0,0,0
LINNAEAN ROADWAY & MASSACHUSETTS AVE,2024,1,1,0
LINNAEAN ROADWAY & MASSACHUSETTS AVE,2025,0,0,0
MASSACHUSETTS AVE & PLYMPTON ST,2023,1,1,0
MASSACHUSETTS AVE & PLYMPTON ST,2024,0,0,0
MASSACHUSETTS AVE & PLYMPTON ST,2025,0,0,0
MASSACHUSETTS AVE & PRENTISS ST,2023,1,1,0
MASSACHUSETTS AVE & PRENTISS ST,2024,0,0,0
MASSACHUSETTS AVE & PRENTISS ST,2025,0,0,0
MASSACHUSETTS AVE & PUTNAM AVE,2023,0,0,0
MASSACHUSETTS AVE & PUTNAM AVE,2024,1,1,0
MASSACHUSETTS AVE & PUTNAM AVE,2025,0,0,0
MASSACHUSETTS AVE & SIDNEY ST EXT,2023,0,0,0
MASSACHUSETTS AVE & SIDNEY ST EXT,2024,1,0,1
MASSACHUSETTS AVE & SIDNEY ST EXT,2025,0,0,0
MASSACHUSETTS AVE & STATE ST,2023,0,0,0
MASSACHUSETTS AVE & STATE ST,2024,0,0,0
MASSACHUSETTS AVE & STATE ST,2025,1,1,0
MASSACHUSETTS AVE & TROWBRIDGE ST,2023,0,0,0
MASSACHUSETTS AVE & TROWBRIDGE ST,2024,1,1,0
MASSACHUSETTS AVE & TROWBRIDGE ST,2025,0,0,0
MEMORIAL DR & PLYMPTON ST,2023,0,0,0
MEMORIAL DR & PLYMPTON ST,2024,1,1,0
MEMORIAL DR & PLYMPTON ST,2025,0,0,0
NOTRE DAME AVE & SARGENT ST,2023,0,0,0
NOTRE DAME AVE & SARGENT ST,2024,1,0,1
NOTRE DAME AVE & SARGENT ST,2025,0,0,0
OXFORD & WENDELL,2023,0,0,0
OXFORD & WENDELL,2024,1,0,1
OXFORD & WENDELL,2025,0,0,0
RICHDALE AVE & WALDEN ST,2023,1,1,0
RICHDALE AVE & WALDEN ST,2024,0,0,0
RICHDALE AVE & WALDEN ST,2025,0,0,0
